{
  "maturities": [
    0.0848733744010951,
    0.1341546885694729,
    0.2299794661190965,
    0.3449691991786447,
    0.4791238877481177,
    0.6516084873374401,
    0.8432580424366872,
    1.0732375085557837
  ],
  "theta": [
    0.0013652915952358376,
    0.002415615953534154,
    0.004506925796246029,
    0.007081747236690014,
    0.010362435141328712,
    0.015029520858162216,
    0.020504412259398325,
    0.0274474930880661
  ],
  "rho": -0.6217911486571986,
  "eta": 1.659444335666821,
  "gamma": 0.40728008200660887,
  "objective": 2258.481401692687,
  "success": true,
  "message": "`ftol` termination condition is satisfied.",
  "number_of_usable_quotes": 840,
  "fit_seconds": 3.970818600151688
}