method,mean_rmse,sd_rmse,minimum_rmse,maximum_rmse,mean_mae,mean_shared_valid_fraction
operator_regularized_linearized,0.003082635822712774,0.0005315637709035657,0.00248657928159769,0.00393024800038588,0.0024627029489586658,0.9102564102564102
ssvi_dupire,0.009813856327031195,0.0003847663057371134,0.00940595459914555,0.010406516969258282,0.0069075578044804796,0.9102564102564102
constant_reference,0.01276670097736273,0.0001267669057491588,0.012589708963831207,0.01294981510816178,0.007139642376164457,0.9102564102564102
smoothed_dupire,0.03727834395976654,0.03898013249205741,0.019804354033197337,0.14779142420324073,0.01938052718361129,0.9102564102564102
raw_dupire,0.04097288080339874,0.00894896134155337,0.03143719334098046,0.05990197407881863,0.023981787225591165,0.9102564102564102
