potential,lambda,linearized_weighted_rmse,nonlinear_weighted_rmse,surface_rmse,correction_norm,mean_absolute_wing_correction
combined,3162.2776601683795,0.9839055670510358,1.7651290088353027,0.010080071018601165,0.8568813736315771,0.07482779204381342
confidence,3162.2776601683795,0.9783931324186039,1.7944259022344986,0.009577263963298336,0.8965534452324674,0.08724893309553634
wing,3162.2776601683795,0.9702840143074767,1.8104710621115117,0.010718892925846423,0.9408825900317956,0.08862680892465698
none,3162.2776601683795,0.9626078899132212,1.8750265959310866,0.010459836694339605,1.0536645835060663,0.11542418025828223
